<?xml version="1.0" encoding="utf-8"?>
<!--/795086/470609/2.50/5/2/Switch/-->
<quadcept_library>
  <setting unit="mil" />
  <textstyle name="Default" height="47.244094488189" strokewidth="7.8740157480315" charwidth="47.244094488189" />
  <textstyle name="Dimension" height="19.6850393700787" strokewidth="0" charwidth="19.6850393700787" />
  <textstyle name="H127W0635TH00762" height="50" strokewidth="3" charwidth="25" />
  <textstyle name="H15W15TH02" height="59.0551181102362" strokewidth="7.8740157480315" charwidth="59.0551181102362" />
  <padstyle name="c277.5_h185" surface="False" plated="True" isvia="False" nopaste="True" nomask="True" complex="False" holesize="72.83464566929">
    <padshape layer="TOP" shape="round" width="109.25196850394" height="109.25196850394" />
    <padshape layer="TOP_SOLDER_MASK" shape="round" width="117.12598425197" height="117.12598425197" />
    <padshape layer="INNER" shape="round" width="109.25196850394" height="109.25196850394" />
    <padshape layer="BOTTOM" shape="round" width="109.25196850394" height="109.25196850394" />
    <padshape layer="BOTTOM_SOLDER_MASK" shape="round" width="117.12598425197" height="117.12598425197" />
  </padstyle>
  <footprint name="1101M2S3ABE2" originx="0" originy="0" pickpointx="0" pickpointy="0">
    <pcbpin number="1" name="1" style="c277.5_h185" originx="0" originy="0" rotation="90" />
    <pcbpin number="2" name="2" style="c277.5_h185" originx="-185.03937007874" originy="0" rotation="90" />
    <pcbpin number="3" name="3" style="c277.5_h185" originx="-370.07874015748" originy="0" rotation="90" />
    <pcbpin number="4" name="4" style="c277.5_h185" originx="-445.07874015747" originy="-375.1968503937" rotation="90" />
    <pcbpin number="5" name="5" style="c277.5_h185" originx="74.999999999999" originy="-375.1968503937" rotation="90" />
    <line layer="TOP_ASSEMBLY" originx="-435.03937007873" originy="-164.56692913386" endx="64.960629921259" endy="-164.56692913386" width="7.8740157480314" />
    <line layer="TOP_ASSEMBLY" originx="64.960629921259" originy="-164.56692913386" endx="64.960629921259" endy="-414.56692913385" width="7.8740157480314" />
    <line layer="TOP_ASSEMBLY" originx="64.960629921259" originy="-414.56692913385" endx="-435.03937007873" endy="-414.56692913385" width="7.8740157480314" />
    <line layer="TOP_ASSEMBLY" originx="-435.03937007873" originy="-414.56692913385" endx="-435.03937007873" endy="-164.56692913386" width="7.8740157480314" />
    <line layer="TOP_PLACE_BOUND" originx="-539.05511811023" originy="94.015748031495" endx="169.01574803149" endy="94.015748031495" width="3.9370078740157" />
    <line layer="TOP_PLACE_BOUND" originx="169.01574803149" originy="94.015748031495" endx="169.01574803149" endy="-639.76377952755" width="3.9370078740157" />
    <line layer="TOP_PLACE_BOUND" originx="169.01574803149" originy="-639.76377952755" endx="-539.05511811023" endy="-639.76377952755" width="3.9370078740157" />
    <line layer="TOP_PLACE_BOUND" originx="-539.05511811023" originy="-639.76377952755" endx="-539.05511811023" endy="94.015748031495" width="3.9370078740157" />
    <line layer="TOP_SILKSCREEN" originx="-435.03937007873" originy="-296.45669291338" endx="-435.03937007873" endy="-164.56692913386" width="3.9370078740157" />
    <line layer="TOP_SILKSCREEN" originx="-435.03937007873" originy="-164.56692913386" endx="64.960629921259" endy="-164.56692913386" width="3.9370078740157" />
    <line layer="TOP_SILKSCREEN" originx="64.960629921259" originy="-164.56692913386" endx="64.960629921259" endy="-296.45669291338" width="3.9370078740157" />
    <line layer="TOP_SILKSCREEN" originx="-381.88976377952" originy="-414.56692913385" endx="11.811023622047" endy="-414.56692913385" width="3.9370078740157" />
    <line layer="TOP_SILKSCREEN" originx="70.866141732283" originy="3.9370078740157" endx="70.866141732283" endy="3.9370078740157" width="7.8740157480314" />
    <arc layer="TOP_SILKSCREEN" originx="70.866141732283" originy="0" startangle="90.0" sweepangle="-180.0" radius="3.9370078740157" width="7.8740157480314" />
    <line layer="TOP_SILKSCREEN" originx="70.866141732283" originy="-3.9370078740157" endx="70.866141732283" endy="-3.9370078740157" width="7.8740157480314" />
    <arc layer="TOP_SILKSCREEN" originx="70.866141732283" originy="0" startangle="-90.0" sweepangle="-180.0" radius="3.9370078740157" width="7.8740157480314" />
    <line layer="TOP_ASSEMBLY" originx="-204.72440944882" originy="-414.56692913385" endx="-204.72440944882" endy="-600.39370078739" width="7.8740157480314" />
    <line layer="TOP_ASSEMBLY" originx="-204.72440944882" originy="-600.39370078739" endx="-52.75590551181" endy="-600.39370078739" width="7.8740157480314" />
    <line layer="TOP_ASSEMBLY" originx="-52.75590551181" originy="-600.39370078739" endx="-52.75590551181" endy="-414.56692913385" width="7.8740157480314" />
  </footprint>
  <symbol name="1101M2S3AQE2" originx="0" originy="0">
    <line originx="200" originy="100" endx="800" endy="100" width="0" />
    <line originx="800" originy="-300" endx="800" endy="100" width="0" />
    <line originx="800" originy="-300" endx="200" endy="-300" width="0" />
    <line originx="200" originy="100" endx="200" endy="-300" width="0" />
    <sympin number="1" originx="800" originy="-200" rotation="0" length="100" width="7.8740157480315" flipped="False">
      <text name="pinname" originx="770" originy="-200" style="Default" rotation="0" justify="right" flipped="False" hidden="False" data="N.C." />
      <text name="pindes" originx="860" originy="-180" style="Default" rotation="0" justify="lowerleft" flipped="False" hidden="False" data="1" />
    </sympin>
    <sympin number="2" originx="800" originy="-100" rotation="0" length="100" width="7.8740157480315" flipped="False">
      <text name="pinname" originx="770" originy="-100" style="Default" rotation="0" justify="right" flipped="False" hidden="False" data="COM" />
      <text name="pindes" originx="860" originy="-80" style="Default" rotation="0" justify="lowerleft" flipped="False" hidden="False" data="2" />
    </sympin>
    <sympin number="3" originx="800" originy="0" rotation="0" length="100" width="7.8740157480315" flipped="False">
      <text name="pinname" originx="770" originy="0" style="Default" rotation="0" justify="right" flipped="False" hidden="False" data="N.O." />
      <text name="pindes" originx="860" originy="20" style="Default" rotation="0" justify="lowerleft" flipped="False" hidden="False" data="3" />
    </sympin>
    <sympin number="4" originx="200" originy="0" rotation="180" length="100" width="7.8740157480315" flipped="False">
      <text name="pinname" originx="230" originy="0" style="Default" rotation="0" justify="left" flipped="False" hidden="False" data="4" />
      <text name="pindes" originx="140" originy="20" style="Default" rotation="0" justify="lowerright" flipped="False" hidden="False" data="4" />
    </sympin>
    <sympin number="5" originx="200" originy="-100" rotation="180" length="100" width="7.8740157480315" flipped="False">
      <text name="pinname" originx="230" originy="-100" style="Default" rotation="0" justify="left" flipped="False" hidden="False" data="5" />
      <text name="pindes" originx="140" originy="-80" style="Default" rotation="0" justify="lowerright" flipped="False" hidden="False" data="5" />
    </sympin>
  </symbol>
  <component name="1101M2S3AQE2" designatorprefix="S" height="259.84251968504" footprint="1101M2S3ABE2">
    <comppin designator="1" sympin="1" pinswap="0" gateswap="0" gate="1" group="1" side="" type="Any" name="N.C." />
    <comppin designator="2" sympin="2" pinswap="0" gateswap="0" gate="1" group="1" side="" type="Any" name="COM" />
    <comppin designator="3" sympin="3" pinswap="0" gateswap="0" gate="1" group="1" side="" type="Any" name="N.O." />
    <comppin designator="4" sympin="4" pinswap="0" gateswap="0" gate="1" group="1" side="" type="Any" name="4" />
    <comppin designator="5" sympin="5" pinswap="0" gateswap="0" gate="1" group="1" side="" type="Any" name="5" />
    <attached_symbol gate="1" name="1101M2S3AQE2" />
    <pinmap designator="1" footprintpin="1" />
    <pinmap designator="2" footprintpin="2" />
    <pinmap designator="3" footprintpin="3" />
    <pinmap designator="4" footprintpin="4" />
    <pinmap designator="5" footprintpin="5" />
    <text name="Datasheet" originx="0" originy="0" style="Default" rotation="0" justify="" flipped="False" hidden="True" data="https://www.ckswitches.com/media/1429/1000.pdf" />
    <text name="Description" originx="0" originy="0" style="Default" rotation="0" justify="" flipped="False" hidden="True" data="PCB Slide Switch Single Pole Double Throw (SPDT) Latching 6 A @ 120 V ac, 6 A @ 28 V dc Slide" />
    <text name="Manufacturer_Name" originx="0" originy="0" style="Default" rotation="0" justify="" flipped="False" hidden="True" data="C & K COMPONENTS" />
    <text name="Manufacturer_Part_Number" originx="850" originy="200" style="Default" rotation="0" justify="left" flipped="False" hidden="False" data="1101M2S3AQE2" />
    <text name="Mouser Part Number" originx="0" originy="0" style="Default" rotation="0" justify="" flipped="False" hidden="True" data="611-1101M2S3AQE2" />
    <text name="Mouser Price/Stock" originx="0" originy="0" style="Default" rotation="0" justify="" flipped="False" hidden="True" data="https://www.mouser.co.uk/ProductDetail/CK/1101M2S3AQE2?qs=XK7TQRbusgUqE8cJ4UzU5w%3D%3D" />
    <text name="Arrow Part Number" originx="0" originy="0" style="Default" rotation="0" justify="" flipped="False" hidden="True" data="1101M2S3AQE2" />
    <text name="Arrow Price/Stock" originx="0" originy="0" style="Default" rotation="0" justify="" flipped="False" hidden="True" data="https://www.arrow.com/en/products/1101m2s3aqe2/ck?region=europe" />
  </component>
</quadcept_library>
