<?xml version="1.0" encoding="utf-8"?>
<!--/4618877/470609/2.49/2/4/Connector/-->
<quadcept_library>
  <setting unit="mil" />
  <textstyle name="Default" height="47.244094488189" strokewidth="7.8740157480315" charwidth="47.244094488189" />
  <textstyle name="Dimension" height="19.6850393700787" strokewidth="0" charwidth="19.6850393700787" />
  <textstyle name="H127W0635TH00762" height="50" strokewidth="3" charwidth="25" />
  <textstyle name="H15W15TH02" height="59.0551181102362" strokewidth="7.8740157480315" charwidth="59.0551181102362" />
  <padstyle name="c123.8_h247.6" surface="False" plated="True" isvia="False" nopaste="True" nomask="True" complex="False" holesize="97.480314960629">
    <padshape layer="TOP" shape="round" width="48.740157480314" height="48.740157480314" />
    <padshape layer="TOP_SOLDER_MASK" shape="round" width="56.614173228346" height="56.614173228346" />
    <padshape layer="INNER" shape="round" width="48.740157480314" height="48.740157480314" />
    <padshape layer="BOTTOM" shape="round" width="48.740157480314" height="48.740157480314" />
    <padshape layer="BOTTOM_SOLDER_MASK" shape="round" width="56.614173228346" height="56.614173228346" />
  </padstyle>
  <padstyle name="c422.7_h281.8" surface="False" plated="True" isvia="False" nopaste="True" nomask="True" complex="False" holesize="110.94488188976">
    <padshape layer="TOP" shape="round" width="166.41732283464" height="166.41732283464" />
    <padshape layer="TOP_SOLDER_MASK" shape="round" width="174.29133858268" height="174.29133858268" />
    <padshape layer="INNER" shape="round" width="166.41732283464" height="166.41732283464" />
    <padshape layer="BOTTOM" shape="round" width="166.41732283464" height="166.41732283464" />
    <padshape layer="BOTTOM_SOLDER_MASK" shape="round" width="174.29133858268" height="174.29133858268" />
  </padstyle>
  <padstyle name="c403.9_h269.26" surface="False" plated="True" isvia="False" nopaste="True" nomask="True" complex="False" holesize="106.00787401575">
    <padshape layer="TOP" shape="round" width="159.01574803149" height="159.01574803149" />
    <padshape layer="TOP_SOLDER_MASK" shape="round" width="166.88976377953" height="166.88976377953" />
    <padshape layer="INNER" shape="round" width="159.01574803149" height="159.01574803149" />
    <padshape layer="BOTTOM" shape="round" width="159.01574803149" height="159.01574803149" />
    <padshape layer="BOTTOM_SOLDER_MASK" shape="round" width="166.88976377953" height="166.88976377953" />
  </padstyle>
  <footprint name="RCJ041" originx="0" originy="0" pickpointx="0" pickpointy="0">
    <pcbpin number="1" name="1" style="c422.7_h281.8" originx="0" originy="0" rotation="90" />
    <pcbpin number="2" name="2" style="c403.9_h269.26" originx="-177.16535433071" originy="0" rotation="90" />
    <pcbpin number="3" name="MH1" style="c123.8_h247.6" originx="124.01574803149" originy="167.32283464567" rotation="90" />
    <pcbpin number="4" name="MH2" style="c123.8_h247.6" originx="124.01574803149" originy="-167.32283464567" rotation="90" />
    <line layer="TOP_ASSEMBLY" originx="157.48031496063" originy="-196.85039370078" endx="-236.22047244094" endy="-196.85039370078" width="7.8740157480314" />
    <line layer="TOP_ASSEMBLY" originx="-236.22047244094" originy="-196.85039370078" endx="-236.22047244094" endy="196.85039370078" width="7.8740157480314" />
    <line layer="TOP_ASSEMBLY" originx="-236.22047244094" originy="196.85039370078" endx="157.48031496063" endy="196.85039370078" width="7.8740157480314" />
    <line layer="TOP_ASSEMBLY" originx="157.48031496063" originy="196.85039370078" endx="157.48031496063" endy="-196.85039370078" width="7.8740157480314" />
    <line layer="TOP_ASSEMBLY" originx="157.48031496063" originy="-163.38582677165" endx="531.49606299212" endy="-163.38582677165" width="7.8740157480314" />
    <line layer="TOP_ASSEMBLY" originx="531.49606299212" originy="-163.38582677165" endx="531.49606299212" endy="163.38582677165" width="7.8740157480314" />
    <line layer="TOP_ASSEMBLY" originx="531.49606299212" originy="163.38582677165" endx="157.48031496063" endy="163.38582677165" width="7.8740157480314" />
    <line layer="TOP_ASSEMBLY" originx="157.48031496063" originy="163.38582677165" endx="157.48031496063" endy="-163.38582677165" width="7.8740157480314" />
    <line layer="TOP_PLACE_BOUND" originx="-296.02362204724" originy="255.43307086614" endx="570.86614173228" endy="255.43307086614" width="3.9370078740157" />
    <line layer="TOP_PLACE_BOUND" originx="570.86614173228" originy="255.43307086614" endx="570.86614173228" endy="-255.43307086614" width="3.9370078740157" />
    <line layer="TOP_PLACE_BOUND" originx="570.86614173228" originy="-255.43307086614" endx="-296.02362204724" endy="-255.43307086614" width="3.9370078740157" />
    <line layer="TOP_PLACE_BOUND" originx="-296.02362204724" originy="-255.43307086614" endx="-296.02362204724" endy="255.43307086614" width="3.9370078740157" />
    <line layer="TOP_SILKSCREEN" originx="-236.22047244094" originy="98.425196850392" endx="-236.22047244094" endy="196.85039370078" width="3.9370078740157" />
    <line layer="TOP_SILKSCREEN" originx="-236.22047244094" originy="196.85039370078" endx="59.055118110235" endy="196.85039370078" width="3.9370078740157" />
    <line layer="TOP_SILKSCREEN" originx="-236.22047244094" originy="-98.425196850392" endx="-236.22047244094" endy="-196.85039370078" width="3.9370078740157" />
    <line layer="TOP_SILKSCREEN" originx="-236.22047244094" originy="-196.85039370078" endx="59.055118110235" endy="-196.85039370078" width="3.9370078740157" />
    <line layer="TOP_SILKSCREEN" originx="157.48031496063" originy="-78.740157480314" endx="157.48031496063" endy="78.740157480314" width="3.9370078740157" />
    <line layer="TOP_SILKSCREEN" originx="3.9370078740157" originy="-220.47244094488" endx="3.9370078740157" endy="-220.47244094488" width="7.8740157480314" />
    <arc layer="TOP_SILKSCREEN" originx="3.9370078740157" originy="-224.40944881889" startangle="90.0" sweepangle="180.0" radius="3.9370078740157" width="7.8740157480314" />
    <line layer="TOP_SILKSCREEN" originx="3.9370078740157" originy="-228.34645669291" endx="3.9370078740157" endy="-228.34645669291" width="7.8740157480314" />
    <arc layer="TOP_SILKSCREEN" originx="3.9370078740157" originy="-224.40944881889" startangle="-90.0" sweepangle="180.0" radius="3.9370078740157" width="7.8740157480314" />
  </footprint>
  <symbol name="RCJ-041" originx="0" originy="0">
    <line originx="200" originy="100" endx="600" endy="100" width="0" />
    <line originx="600" originy="-200" endx="600" endy="100" width="0" />
    <line originx="600" originy="-200" endx="200" endy="-200" width="0" />
    <line originx="200" originy="100" endx="200" endy="-200" width="0" />
    <sympin number="1" originx="200" originy="-100" rotation="180" length="100" width="7.8740157480315" flipped="False">
      <text name="pinname" originx="230" originy="-100" style="Default" rotation="0" justify="left" flipped="False" hidden="False" data="1" />
      <text name="pindes" originx="140" originy="-80" style="Default" rotation="0" justify="lowerright" flipped="False" hidden="False" data="1" />
    </sympin>
    <sympin number="2" originx="200" originy="0" rotation="180" length="100" width="7.8740157480315" flipped="False">
      <text name="pinname" originx="230" originy="0" style="Default" rotation="0" justify="left" flipped="False" hidden="False" data="2" />
      <text name="pindes" originx="140" originy="20" style="Default" rotation="0" justify="lowerright" flipped="False" hidden="False" data="2" />
    </sympin>
  </symbol>
  <component name="RCJ-041" designatorprefix="J" height="511.81102362204" footprint="RCJ041">
    <comppin designator="1" sympin="1" pinswap="0" gateswap="0" gate="1" group="1" side="" type="Any" name="1" />
    <comppin designator="2" sympin="2" pinswap="0" gateswap="0" gate="1" group="1" side="" type="Any" name="2" />
    <attached_symbol gate="1" name="RCJ-041" />
    <pinmap designator="1" footprintpin="1" />
    <pinmap designator="2" footprintpin="2" />
    <text name="Datasheet" originx="0" originy="0" style="Default" rotation="0" justify="" flipped="False" hidden="True" data="https://www.cuidevices.com/product/resource/digikeypdf/rcj-04x.pdf" />
    <text name="Description" originx="0" originy="0" style="Default" rotation="0" justify="" flipped="False" hidden="True" data="RCA Phono Connectors RCA Connectors" />
    <text name="Manufacturer_Name" originx="0" originy="0" style="Default" rotation="0" justify="" flipped="False" hidden="True" data="CUI Inc." />
    <text name="Manufacturer_Part_Number" originx="650" originy="200" style="Default" rotation="0" justify="left" flipped="False" hidden="False" data="RCJ-041" />
    <text name="Mouser Part Number" originx="0" originy="0" style="Default" rotation="0" justify="" flipped="False" hidden="True" data="490-RCJ-041" />
    <text name="Mouser Price/Stock" originx="0" originy="0" style="Default" rotation="0" justify="" flipped="False" hidden="True" data="https://www.mouser.co.uk/ProductDetail/CUI-Devices/RCJ-041?qs=WyjlAZoYn52BTmz2mkbjnQ%3D%3D" />
    <text name="Arrow Part Number" originx="0" originy="0" style="Default" rotation="0" justify="" flipped="False" hidden="True" data="RCJ-041" />
    <text name="Arrow Price/Stock" originx="0" originy="0" style="Default" rotation="0" justify="" flipped="False" hidden="True" data="https://www.arrow.com/en/products/rcj-041/cui-devices?region=nac" />
    <text name="Mouser Testing Part Number" originx="0" originy="0" style="Default" rotation="0" justify="" flipped="False" hidden="True" data="" />
    <text name="Mouser Testing Price/Stock" originx="0" originy="0" style="Default" rotation="0" justify="" flipped="False" hidden="True" data="" />
  </component>
</quadcept_library>
